date,src,like_count,comment_count
2012-08-31,52052bfcf38b11e1a46d1231381b4837_7.jpg,22,7
2012-09-01,8303e902f40111e1b09522000a1e8aa9_7.jpg,12,8
2012-09-02,none.jpg,0,0
2012-09-03,62366fc4f59611e1bb3e22000a1e9b9f_7.jpg,10,14
2012-09-04,none.jpg,0,0
2012-09-05,none.jpg,0,0
2012-09-06,32489e06f81e11e19a4b22000a1cdf6e_7.jpg,37,9
2012-09-07,none.jpg,0,0
2012-09-08,none.jpg,0,0
2012-09-09,fe63527afa9811e18fa722000a1e8ac2_7.jpg,32,10
2012-09-10,d8b745e2fb7211e18b0122000a1e9b8c_7.jpg,2,1
2012-09-11,76ebbbfcfbdd11e192c922000a1cbf2b_7.jpg,6,0
2012-09-12,d9508a9cfcb511e1ab4c22000a1d0350_7.jpg,5,0
2012-09-13,none.jpg,0,0
2012-09-14,dc9e2f9cfe9f11e1ba8122000a1e878c_7.jpg,13,7
2012-09-15,none.jpg,0,0
2012-09-16,none.jpg,0,0
2012-09-17,08c1ddd6009811e2a7d622000a1d0360_7.jpg,4,1
2012-09-18,none.jpg,0,0
2012-09-19,4bc25a0e025d11e2914322000a1e9b9c_7.jpg,6,2
2012-09-20,550509f202fa11e2adfe22000a1e8a47_7.jpg,11,4
2012-09-21,e792f35803c511e2a2f822000a1d012f_7.jpg,5,0
2012-09-22,none.jpg,0,0
2012-09-23,none.jpg,0,0
2012-09-24,6dddc49c065a11e29b6422000a1e95d8_7.jpg,7,3
2012-09-25,f793003c072511e2973e22000a1e88a7_7.jpg,8,2
2012-09-26,none.jpg,0,0
2012-09-27,adb04d6808b911e2868c12313817a130_7.jpg,13,2
2012-09-28,773efc40098411e2876222000a1fbcf1_7.jpg,6,5
2012-09-29,none.jpg,0,0
2012-09-30,07ff104c0b2b11e28b4622000a1c3278_7.jpg,4,2
2012-10-01,none.jpg,0,0
2012-10-02,none.jpg,0,0
2012-10-03,946351100d6a11e291e622000a1cd14c_7.jpg,11,6
2012-10-04,ee94ffb80e6311e292ea12313d21cdf7_7.jpg,5,5
2012-10-05,d8f1bc8e0f0111e2bcd822000a1c00c4_7.jpg,21,3
2012-10-06,none.jpg,0,0
2012-10-07,none.jpg,0,0
2012-10-08,none.jpg,0,0
2012-10-09,none.jpg,0,0
2012-10-10,a7f10f4212f111e29f0922000a1fb76f_7.jpg,5,2
2012-10-11,none.jpg,0,0
2012-10-12,5bb9b976149011e289dc22000a1d039d_7.jpg,8,0
2012-10-13,de885e3a153e11e28ed022000a1fbc58_7.jpg,19,4
2012-10-14,559c2ce6162911e2839c1231380e8254_7.jpg,18,11
2012-10-15,none.jpg,0,0
2012-10-16,none.jpg,0,0
2012-10-17,none.jpg,0,0
2012-10-18,none.jpg,0,0
2012-10-19,none.jpg,0,0
2012-10-20,09a87f321adf11e2bde812313b08e061_7.jpg,4,3
2012-10-21,6f2e8a8a1b7111e286531231381b3c35_7.jpg,10,2
2012-10-22,none.jpg,0,0
2012-10-23,none.jpg,0,0
2012-10-24,none.jpg,0,0
2012-10-25,2ddf6f8c1ee011e2b13b22000a1d0337_7.jpg,10,5
2012-10-26,none.jpg,0,0
2012-10-27,1850349e202011e2890a22000a1fbc9a_7.jpg,15,0
2012-10-28,317ba4a6212111e2998822000a1fbc5d_7.jpg,7,0
2012-10-29,881e09dc21c311e28d2722000a1f8fa0_7.jpg,9,3
2012-10-30,none.jpg,0,0
2012-10-31,195bd866236d11e2b8031231380fdee2_7.jpg,13,5
2012-11-01,none.jpg,0,0
2012-11-02,673500ce252211e2aee522000a9f15b9_7.jpg,5,3
2012-11-03,79e25ab625d411e2b1281231382041dc_7.jpg,9,7
2012-11-04,none.jpg,0,0
2012-11-05,none.jpg,0,0
2012-11-06,d14ee55627ed11e2b19622000a1f9d89_7.jpg,12,1
2012-11-07,6ae6735828a411e2a95312313804ac81_7.jpg,12,5
2012-11-08,none.jpg,0,0
2012-11-09,d8e54ac42aa611e299af22000a9e29bc_7.jpg,20,0
2012-11-10,635ec91a2b6411e2aae322000a1e9bb5_7.jpg,13,0
2012-11-11,6fc546322c1011e2b55e22000a1c076c_7.jpg,10,7
2012-11-12,none.jpg,0,0
2012-11-13,none.jpg,0,0
2012-11-14,none.jpg,0,0
2012-11-15,0d3c04962f4f11e2877122000a1fbc4f_7.jpg,18,2
2012-11-16,1127dae82fd711e2890222000a1fb0b2_7.jpg,13,9
2012-11-17,313119fc308c11e2a7ab22000a1f97eb_7.jpg,15,9
2012-11-18,none.jpg,0,0
2012-11-19,143cb65c328111e2bfc622000a9d0dda_7.jpg,14,0
2012-11-20,none.jpg,0,0
2012-11-21,e239020833c211e299a722000a9d0ee0_7.jpg,14,13
2012-11-22,none.jpg,0,0
2012-11-23,none.jpg,0,0
2012-11-24,none.jpg,0,0
2012-11-25,c0bc834e36f511e2b55e22000a9f09fb_7.jpg,54,13
2012-11-26,none.jpg,0,0
2012-11-27,none.jpg,0,0
2012-11-28,none.jpg,0,0
2012-11-29,none.jpg,0,0
2012-11-30,none.jpg,0,0
2012-12-01,none.jpg,0,0
2012-12-02,none.jpg,0,0
2012-12-03,none.jpg,0,0
2012-12-04,none.jpg,0,0
2012-12-05,none.jpg,0,0
2012-12-06,none.jpg,0,0
2012-12-07,92eed932404911e2851922000a9e084f_7.jpg,16,0
2012-12-08,none.jpg,0,0
2012-12-09,none.jpg,0,0
2012-12-10,fb6ad73242be11e29a0922000a1f8c1a_7.jpg,17,2
2012-12-11,none.jpg,0,0
2012-12-12,none.jpg,0,0
2012-12-13,none.jpg,0,0
2012-12-14,ab5feb7c461c11e2b1c522000a9f18eb_7.jpg,23,9
2012-12-15,none.jpg,0,0
2012-12-16,none.jpg,0,0
2012-12-17,b70426ac488111e29b2022000a9f1561_7.jpg,22,13
2012-12-18,none.jpg,0,0
2012-12-19,none.jpg,0,0
2012-12-20,none.jpg,0,0
2012-12-21,519979a84b5511e2bee422000a9f14ea_7.jpg,19,8
2012-12-22,a22df5f44c7411e294a422000a1f9874_7.jpg,12,1
2012-12-23,none.jpg,0,0
2012-12-24,b19d2ba84ddd11e2962d22000a1f9aa0_7.jpg,36,4
2012-12-25,none.jpg,0,0
2012-12-26,none.jpg,0,0
2012-12-27,ebb436be504511e290cd22000a1f90d7_7.jpg,38,3
2012-12-28,none.jpg,0,0
2012-12-29,none.jpg,0,0
2012-12-30,none.jpg,0,0
2012-12-31,e2e1b02e538411e2bbd422000a1f9ab2_7.jpg,21,8
2013-01-01,1f1d9206543911e2aee522000a9f15b9_7.jpg,20,5
2013-01-02,none.jpg,0,0
2013-01-03,none.jpg,0,0
2013-01-04,f11e47b256c511e2851d22000a1fb71f_7.jpg,16,10
2013-01-05,none.jpg,0,0
2013-01-06,none.jpg,0,0
2013-01-07,none.jpg,0,0
2013-01-08,955f432259d611e284c322000a1fbca9_7.jpg,30,10
2013-01-09,fc6142b85a4011e282e122000a1f9aae_7.jpg,13,4
2013-01-10,none.jpg,0,0
2013-01-11,883b02a85bca11e28f4222000a1fb75e_7.jpg,28,0
2013-01-12,none.jpg,0,0
2013-01-13,none.jpg,0,0
2013-01-14,none.jpg,0,0
2013-01-15,none.jpg,0,0
2013-01-16,7ab580165fb911e2928c22000a9f3092_7.jpg,23,2
2013-01-17,none.jpg,0,0
2013-01-18,b80a7546615511e28d2722000a1f8fa0_7.jpg,33,3
2013-01-19,41a51598626111e283e822000a1f8e5b_7.jpg,19,14
2013-01-20,none.jpg,0,0
2013-01-21,none.jpg,0,0
2013-01-22,none.jpg,0,0
2013-01-23,none.jpg,0,0
2013-01-24,d0b947f2661911e28c8722000a1f90f9_7.jpg,13,2
2013-01-25,none.jpg,0,0
2013-01-26,none.jpg,0,0
2013-01-27,none.jpg,0,0
2013-01-28,none.jpg,0,0
2013-01-29,none.jpg,0,0
2013-01-30,ab801f1c6af411e2aaa822000a1fb0dd_7.jpg,22,0
2013-01-31,none.jpg,0,0
2013-02-01,150682006c4e11e2b74c22000a9f1427_7.jpg,14,2
2013-02-02,none.jpg,0,0
2013-02-03,none.jpg,0,0
2013-02-04,none.jpg,0,0
2013-02-05,none.jpg,0,0
2013-02-06,1b45bdd0707111e29a5822000a9f15d4_7.jpg,21,0
2013-02-07,none.jpg,0,0
2013-02-08,none.jpg,0,0
2013-02-09,none.jpg,0,0
2013-02-10,none.jpg,0,0
2013-02-11,none.jpg,0,0
2013-02-12,none.jpg,0,0
2013-02-13,none.jpg,0,0
2013-02-14,93612bac766a11e28ac522000a9f141e_7.jpg,12,0
2013-02-15,none.jpg,0,0
2013-02-16,none.jpg,0,0
2013-02-17,d98317a0790b11e2a7d622000a9e298f_7.jpg,16,2
2013-02-18,none.jpg,0,0
2013-02-19,none.jpg,0,0
2013-02-20,none.jpg,0,0
2013-02-21,none.jpg,0,0
2013-02-22,920aba847cdc11e28a1722000a9f0a0c_7.jpg,20,0
2013-02-23,none.jpg,0,0
2013-02-24,none.jpg,0,0
2013-02-25,none.jpg,0,0
2013-02-26,none.jpg,0,0
2013-02-27,none.jpg,0,0
2013-02-28,none.jpg,0,0
2013-03-01,f147edd282a911e2aae322000a1f9858_7.jpg,14,0
2013-03-02,none.jpg,0,0
2013-03-03,none.jpg,0,0
2013-03-04,27c32e6a84d211e2a73522000a1faf50_7.jpg,20,0
2013-03-05,17330d6a85bb11e290cd22000a1f90d7_7.jpg,39,4
2013-03-06,cd9777e6863111e2a2e022000a1faf45_7.jpg,28,7
2013-03-07,none.jpg,0,0
2013-03-08,1f07830487e611e29f7222000a9f130b_7.jpg,38,5
2013-03-09,39e1cbd8889c11e296c422000a9e0891_7.jpg,25,1
2013-03-10,none.jpg,0,0
2013-03-11,none.jpg,0,0
2013-03-12,none.jpg,0,0
2013-03-13,057551e08c0611e29a8222000a1f8ccf_7.jpg,58,3
2013-03-14,none.jpg,0,0
2013-03-15,6004b7ce8da311e2b4b422000a1f903d_7.jpg,65,0
2013-03-16,none.jpg,0,0
2013-03-17,296f45b48f1311e2bd6e22000aaa07e4_7.jpg,57,16
2013-03-18,39a9d5d48ff411e2b59422000a9f13f8_7.jpg,57,0
2013-03-19,1ccea3dc909311e2b74e22000a9e07d7_7.jpg,24,0
2013-03-20,fa3aaeae916611e2ac9b22000a1fb864_7.jpg,39,4
2013-03-21,none.jpg,0,0
2013-03-22,none.jpg,0,0
2013-03-23,1d40ec1693fa11e2879322000a9f1376_7.jpg,25,1
2013-03-24,none.jpg,0,0
2013-03-25,none.jpg,0,0
2013-03-26,none.jpg,0,0
2013-03-27,none.jpg,0,0
2013-03-28,none.jpg,0,0
2013-03-29,0e8bbb98988111e293a222000a1fb70a_7.jpg,253,20
2013-03-30,none.jpg,0,0
2013-03-31,none.jpg,0,0
2013-04-01,none.jpg,0,0
2013-04-02,none.jpg,0,0
2013-04-03,none.jpg,0,0
2013-04-04,none.jpg,0,0
2013-04-05,none.jpg,0,0
2013-04-06,none.jpg,0,0
2013-04-07,none.jpg,0,0
2013-04-08,none.jpg,0,0
2013-04-09,b06de59ca12511e2b85522000a9e28f2_7.jpg,25,5
2013-04-10,none.jpg,0,0
2013-04-11,none.jpg,0,0
2013-04-12,71d2ca86a33311e2bbaa22000a1fb198_7.jpg,23,12
2013-04-13,049f154aa43d11e2af7e22000a1f8ae5_7.jpg,15,3
2013-04-14,620b5e34a51211e2b05122000a1f92cb_7.jpg,67,18
2013-04-15,112edc6ca5fc11e28a6422000a1f971a_7.jpg,21,10
2013-04-16,none.jpg,0,0
2013-04-17,49ce8d34a78111e29cc922000aaa090c_7.jpg,40,15
2013-04-18,20ad1c1ca81d11e29deb22000a1f9355_7.jpg,29,3
2013-04-19,6703e6d0a8dd11e2b42122000a9d0ed9_7.jpg,48,5
2013-04-20,none.jpg,0,0
2013-04-21,none.jpg,0,0
2013-04-22,71482416ab6d11e2b44322000a1f92df_7.jpg,22,0
2013-04-23,none.jpg,0,0
2013-04-24,4a9f9c94ad2111e2984e22000a9d0de0_7.jpg,49,8
2013-04-25,f2ef9166adde11e2a9d522000a1fb17d_7.jpg,40,17
2013-04-26,cd7f4f74ae5211e2908222000a9f146a_7.jpg,20,0
2013-04-27,107e768aaf4b11e2ace922000a1f90f6_7.jpg,152,26
2013-04-28,ca06f602b02911e2852e22000ae90903_7.jpg,28,2
2013-04-29,none.jpg,0,0
2013-04-30,b62cd016b1af11e2a9cf22000aaa0a6f_7.jpg,47,2
2013-05-01,fd57e16eb25011e2ab2122000a9f4dc5_7.jpg,25,9
2013-05-02,none.jpg,0,0
2013-05-03,7bdd3c32b43b11e29e1922000a9f4dd0_7.jpg,58,2
2013-05-04,c100d272b4e711e2938522000aaa21ef_7.jpg,132,6
2013-05-05,none.jpg,0,0
2013-05-06,16462386b67311e2ada322000a1fbcdb_7.jpg,25,1
2013-05-07,none.jpg,0,0
2013-05-08,none.jpg,0,0
2013-05-09,none.jpg,0,0
2013-05-10,21340878b9a511e296c022000a1f980f_7.jpg,82,5
2013-05-11,4493e2f8ba5311e29dc922000a1fbb59_7.jpg,173,12
2013-05-12,none.jpg,0,0
2013-05-13,6e92479ebba611e2855722000aa800e1_7.jpg,33,9
2013-05-14,9fe44928bca511e2934722000a9f3cae_7.jpg,23,0
2013-05-15,c689286cbd5611e2859c22000a9f0a20_7.jpg,28,0
2013-05-16,none.jpg,0,0
2013-05-17,none.jpg,0,0
2013-05-18,3404fa70bfe511e2a46f22000a1de414_7.jpg,16,18
2013-05-19,none.jpg,0,0
2013-05-20,9002dbc4c14f11e2b22b22000a1f96e2_7.jpg,30,2
2013-05-21,none.jpg,0,0
2013-05-22,55ae8ea2c2b511e2bc2222000a1f98f9_7.jpg,45,1
2013-05-23,none.jpg,0,0
2013-05-24,a780054ac48511e281ef22000aaa048f_7.jpg,22,6
2013-05-25,2f16fb70c55911e2a7ec22000ae904db_7.jpg,24,4
2013-05-26,5230b05ec61911e294dc22000ae913c2_7.jpg,52,9
2013-05-27,edeb1832c6ef11e29dbc22000a1f9e59_7.jpg,49,4
2013-05-28,522e0ab6c78111e293b222000aa8011b_7.jpg,75,20
2013-05-29,none.jpg,0,0
2013-05-30,d34ebbd8c93c11e2ab6b22000aa8004d_7.jpg,12,9
2013-05-31,f701e72aca2311e2a9ce22000a9e02ef_7.jpg,35,16
2013-06-01,d2fb0e1ccad011e284fa22000a1f9c87_7.jpg,16,0
2013-06-02,08ba530ecb9f11e28b9422000a1fbe38_7.jpg,15,6
2013-06-03,1a49b42acc2611e2952222000ae912d7_7.jpg,16,0
2013-06-04,none.jpg,0,0
2013-06-05,none.jpg,0,0
2013-06-06,none.jpg,0,0
2013-06-07,none.jpg,0,0
2013-06-08,none.jpg,0,0
2013-06-09,736df756d13411e28a6522000a9f17d4_7.jpg,34,22
2013-06-10,8cbeb912d19711e28a6422000a1f971a_7.jpg,32,30
2013-06-11,04c2686ed2b011e2af2c22000a9e510c_7.jpg,26,4
2013-06-12,none.jpg,0,0
2013-06-13,none.jpg,0,0
2013-06-14,none.jpg,0,0
2013-06-15,85d8c214d5cf11e29dd822000a1ddafb_7.jpg,27,7
2013-06-16,5e9ddfe8d65d11e2a73f22000a9e28ad_7.jpg,66,20
2013-06-17,f522822ed76211e28c8022000ae912e8_7.jpg,59,22
2013-06-18,8abbf22ad85311e2ade822000a1fa7aa_7.jpg,146,28
2013-06-19,none.jpg,0,0
2013-06-20,none.jpg,0,0
2013-06-21,073b24d8da8e11e2a54722000a9f1597_7.jpg,33,23
2013-06-22,none.jpg,0,0
2013-06-23,950a7cfedc2411e2b09522000a1f9363_7.jpg,25,19
2013-06-24,b32468aadcef11e29fda22000a1f8ae8_7.jpg,22,6
2013-06-25,none.jpg,0,0
2013-06-26,6c2a6056de8111e29e1922000a9f4dd0_7.jpg,35,2
2013-06-27,none.jpg,0,0
2013-06-28,none.jpg,0,0
2013-06-29,none.jpg,0,0
2013-06-30,9aa663e4e1ab11e2ac5222000a1f8ea3_7.jpg,95,4
2013-07-01,2bccd4dae25f11e2810822000aaa09c2_7.jpg,29,0
2013-07-02,none.jpg,0,0
2013-07-03,7170df06e3ca11e2acc922000ae81df1_7.jpg,28,8
2013-07-04,0606eacae49d11e29f5b22000a1fbc74_7.jpg,29,6
2013-07-05,none.jpg,0,0
2013-07-06,42665fdae65711e2bc7922000ae90d97_7.jpg,29,2
2013-07-07,6299a8b2e6dd11e29b0322000ae80f35_7.jpg,59,1
2013-07-08,none.jpg,0,0
2013-07-09,none.jpg,0,0
2013-07-10,none.jpg,0,0
2013-07-11,92e32d82ea0b11e2b83422000a1f9e4c_7.jpg,35,6
2013-07-12,bcecb360eb0911e2997822000a1fd57c_7.jpg,14,2
2013-07-13,6d74fef2ebac11e2996722000a9f18fe_7.jpg,39,2
2013-07-14,none.jpg,0,0
2013-07-15,none.jpg,0,0
2013-07-16,none.jpg,0,0
2013-07-17,none.jpg,0,0
2013-07-18,none.jpg,0,0
2013-07-19,none.jpg,0,0
2013-07-20,none.jpg,0,0
2013-07-21,none.jpg,0,0
2013-07-22,none.jpg,0,0
2013-07-23,none.jpg,0,0
2013-07-24,none.jpg,0,0
2013-07-25,none.jpg,0,0
2013-07-26,none.jpg,0,0
2013-07-27,ac3e625af6f511e286a922000a1fb703_7.jpg,35,0
2013-07-28,none.jpg,0,0
2013-07-29,none.jpg,0,0
2013-07-30,e644f122f8e311e2893322000a1f9ca0_7.jpg,31,2
2013-07-31,none.jpg,0,0
2013-08-01,none.jpg,0,0
2013-08-02,none.jpg,0,0
2013-08-03,none.jpg,0,0
2013-08-04,none.jpg,0,0
2013-08-05,none.jpg,0,0
2013-08-06,2b2293e8fead11e2912622000a9f307a_7.jpg,32,10
2013-08-07,6c664858ffa311e29edf22000ae916b0_7.jpg,76,23
2013-08-08,none.jpg,0,0
2013-08-09,none.jpg,0,0
2013-08-10,none.jpg,0,0
2013-08-11,none.jpg,0,0
2013-08-12,none.jpg,0,0
2013-08-13,none.jpg,0,0
2013-08-14,none.jpg,0,0
2013-08-15,2f78568c054f11e3963b22000a1f9c8c_7.jpg,173,40
2013-08-16,none.jpg,0,0
2013-08-17,6cf6caaa076311e39f0922000ae90fc9_7.jpg,47,8
2013-08-18,10d87024085411e3930822000a1fab4e_7.jpg,57,2
2013-08-19,none.jpg,0,0
2013-08-20,3739517209b011e3b01422000aaa05b1_7.jpg,32,6
2013-08-21,none.jpg,0,0
2013-08-22,none.jpg,0,0
2013-08-23,none.jpg,0,0
2013-08-24,019563020ce511e38be922000aeb0c6a_7.jpg,70,8
2013-08-25,none.jpg,0,0
2013-08-26,none.jpg,0,0
2013-08-27,none.jpg,0,0
2013-08-28,none.jpg,0,0
2013-08-29,none.jpg,0,0
2013-08-30,none.jpg,0,0
2013-08-31,none.jpg,0,0
2013-09-01,none.jpg,0,0
2013-09-02,none.jpg,0,0
2013-09-03,96f4dcee144111e3bba622000a1fbc9c_7.jpg,55,9
2013-09-04,c165be2a159611e3a65322000a1f935c_7.jpg,47,7
2013-09-05,none.jpg,0,0
2013-09-06,none.jpg,0,0
2013-09-07,none.jpg,0,0
2013-09-08,none.jpg,0,0
2013-09-09,none.jpg,0,0
2013-09-10,none.jpg,0,0
2013-09-11,none.jpg,0,0
2013-09-12,none.jpg,0,0
2013-09-13,082524881cc511e3850d22000aaa095e_7.jpg,51,5
2013-09-14,aae000de1d8911e3a42922000a9e51c4_7.jpg,108,15
2013-09-15,none.jpg,0,0
2013-09-16,none.jpg,0,0
2013-09-17,none.jpg,0,0
2013-09-18,none.jpg,0,0
2013-09-19,none.jpg,0,0
2013-09-20,none.jpg,0,0
2013-09-21,none.jpg,0,0
2013-09-22,none.jpg,0,0
2013-09-23,ebd4f016247011e38c8722000a1faff5_7.jpg,55,4
2013-09-24,none.jpg,0,0
2013-09-25,none.jpg,0,0
2013-09-26,none.jpg,0,0
2013-09-27,none.jpg,0,0
2013-09-28,none.jpg,0,0
2013-09-29,none.jpg,0,0
2013-09-30,none.jpg,0,0
2013-10-01,none.jpg,0,0
2013-10-02,none.jpg,0,0
2013-10-03,6a2bda422be211e3b0a322000ae9134a_7.jpg,38,6
2013-10-04,none.jpg,0,0
2013-10-05,none.jpg,0,0
2013-10-06,none.jpg,0,0
2013-10-07,none.jpg,0,0
2013-10-08,3354f7ba2fbb11e3997822000a1fd57c_7.jpg,62,16
2013-10-09,none.jpg,0,0
2013-10-10,none.jpg,0,0
2013-10-11,none.jpg,0,0
2013-10-12,none.jpg,0,0
2013-10-13,none.jpg,0,0
2013-10-14,none.jpg,0,0
2013-10-15,none.jpg,0,0
2013-10-16,none.jpg,0,0
2013-10-17,none.jpg,0,0
2013-10-18,none.jpg,0,0
2013-10-19,none.jpg,0,0
2013-10-20,none.jpg,0,0
2013-10-21,none.jpg,0,0
2013-10-22,1389240_450823928361571_1621348096_n.jpg,44,12
2013-10-23,none.jpg,0,0
2013-10-24,none.jpg,0,0
2013-10-25,1171105_1427319490815209_2092914419_n.jpg,38,10
2013-10-26,none.jpg,0,0
2013-10-27,none.jpg,0,0
2013-10-28,none.jpg,0,0
2013-10-29,none.jpg,0,0
2013-10-30,none.jpg,0,0
2013-10-31,none.jpg,0,0
2013-11-01,none.jpg,0,0
2013-11-02,none.jpg,0,0
2013-11-03,none.jpg,0,0
2013-11-04,none.jpg,0,0
2013-11-05,none.jpg,0,0
2013-11-06,1391119_671434766214535_712752809_n.jpg,50,5
2013-11-07,none.jpg,0,0
2013-11-08,none.jpg,0,0
2013-11-09,1209637_1378483149063315_621378906_n.jpg,47,0
2013-11-10,none.jpg,0,0
2013-11-11,none.jpg,0,0
2013-11-12,1391127_405450909582616_1843222519_n.jpg,66,1
2013-11-13,none.jpg,0,0
2013-11-14,none.jpg,0,0
2013-11-15,none.jpg,0,0
2013-11-16,none.jpg,0,0
2013-11-17,1389027_445410998898398_1517663627_n.jpg,36,4
2013-11-18,925385_1435823669964715_2002642897_n.jpg,82,4
2013-11-19,1171116_365665350235925_2053478999_n.jpg,257,21
2013-11-20,1389170_601095153259253_788984542_n.jpg,66,7
2013-11-21,1171932_683237501694928_286228667_n.jpg,41,3
2013-11-22,none.jpg,0,0
2013-11-23,none.jpg,0,0
2013-11-24,none.jpg,0,0
2013-11-25,none.jpg,0,0
2013-11-26,none.jpg,0,0
2013-11-27,none.jpg,0,0
2013-11-28,1172010_554338264660337_80665694_n.jpg,119,11
2013-11-29,none.jpg,0,0
2013-11-30,1172980_188921381298526_1186417773_n.jpg,63,5
2013-12-01,none.jpg,0,0
2013-12-02,1172441_674259049273960_716617942_n.jpg,49,2
2013-12-03,1170295_1436598229892195_1390589700_n.jpg,57,3
2013-12-04,none.jpg,0,0
2013-12-05,none.jpg,0,0
2013-12-06,none.jpg,0,0
2013-12-07,none.jpg,0,0
2013-12-08,1173242_367960790014915_697831308_n.jpg,68,9
2013-12-09,none.jpg,0,0
2013-12-10,1168403_519435851498049_1280203909_n.jpg,41,5
2013-12-11,none.jpg,0,0
2013-12-12,none.jpg,0,0
2013-12-13,none.jpg,0,0
2013-12-14,926023_181319352066776_1493693816_n.jpg,136,18
2013-12-15,none.jpg,0,0
2013-12-16,none.jpg,0,0
2013-12-17,1516037_219986364841041_1963306392_n.jpg,161,18
2013-12-18,none.jpg,0,0
2013-12-19,none.jpg,0,0
2013-12-20,none.jpg,0,0
2013-12-21,none.jpg,0,0
2013-12-22,1530889_641889729201591_902179425_n.jpg,132,10
2013-12-23,1516094_431575176969821_439082526_n.jpg,43,0
2013-12-24,929357_557366681014929_876948857_n.jpg,73,6
2013-12-25,1170337_252169781608766_1496359376_n.jpg,78,5
2013-12-26,1516717_707309595955468_1915991967_n.jpg,262,20
2013-12-27,1515521_1440898676138738_121312347_n.jpg,97,11
2013-12-28,none.jpg,0,0
2013-12-29,none.jpg,0,0
2013-12-30,none.jpg,0,0
2013-12-31,none.jpg,0,0
2014-01-01,none.jpg,0,0
2014-01-02,none.jpg,0,0
2014-01-03,1171951_196133013912608_1049799321_n.jpg,373,40
2014-01-04,none.jpg,0,0
2014-01-05,none.jpg,0,0
2014-01-06,none.jpg,0,0
2014-01-07,928422_635581923154728_365255473_n.jpg,54,0
2014-01-08,1516956_438253239634532_1370126824_n.jpg,46,7
2014-01-09,1516230_205908549598260_1707302291_n.jpg,184,42
2014-01-10,none.jpg,0,0
2014-01-11,none.jpg,0,0
2014-01-12,none.jpg,0,0
2014-01-13,none.jpg,0,0
2014-01-14,none.jpg,0,0
2014-01-15,1530782_423883517714559_1030492799_n.jpg,130,3
2014-01-16,none.jpg,0,0
2014-01-17,none.jpg,0,0
2014-01-18,924859_1399275680324441_499400653_n.jpg,87,8
2014-01-19,none.jpg,0,0
2014-01-20,926631_1411747229070632_112436810_n.jpg,373,35
2014-01-21,none.jpg,0,0
2014-01-22,none.jpg,0,0
2014-01-23,1596806_609103549162564_1113577056_n.jpg,18,4
2014-01-24,none.jpg,0,0
2014-01-25,none.jpg,0,0
2014-01-26,none.jpg,0,0
2014-01-27,none.jpg,0,0
2014-01-28,none.jpg,0,0
2014-01-29,1662246_1441654276066812_420244393_n.jpg,110,9
2014-01-30,none.jpg,0,0
2014-01-31,none.jpg,0,0
2014-02-01,1740759_580560842018815_1888358173_n.jpg,58,2
2014-02-02,none.jpg,0,0
2014-02-03,none.jpg,0,0
2014-02-04,none.jpg,0,0
2014-02-05,none.jpg,0,0
2014-02-06,none.jpg,0,0
2014-02-07,none.jpg,0,0
2014-02-08,none.jpg,0,0
2014-02-09,none.jpg,0,0
2014-02-10,none.jpg,0,0
2014-02-11,none.jpg,0,0
2014-02-12,1739359_638408546207347_1087133169_n.jpg,65,9
2014-02-13,none.jpg,0,0
2014-02-14,925776_248296988677567_1557788692_n.jpg,83,11
2014-02-15,none.jpg,0,0
2014-02-16,none.jpg,0,0
2014-02-17,none.jpg,0,0
2014-02-18,none.jpg,0,0
2014-02-19,none.jpg,0,0
2014-02-20,none.jpg,0,0
2014-02-21,none.jpg,0,0
2014-02-22,none.jpg,0,0
2014-02-23,none.jpg,0,0
2014-02-24,none.jpg,0,0
2014-02-25,none.jpg,0,0
2014-02-26,none.jpg,0,0
2014-02-27,none.jpg,0,0
2014-02-28,none.jpg,0,0
2014-03-01,none.jpg,0,0
2014-03-02,none.jpg,0,0
2014-03-03,none.jpg,0,0
2014-03-04,none.jpg,0,0
2014-03-05,none.jpg,0,0
2014-03-06,none.jpg,0,0
2014-03-07,none.jpg,0,0
2014-03-08,none.jpg,0,0
2014-03-09,none.jpg,0,0
2014-03-10,none.jpg,0,0
2014-03-11,none.jpg,0,0
2014-03-12,64ac8816a9fd11e392771260b9cfad3f_8.jpg,58,7
2014-03-13,none.jpg,0,0
2014-03-14,none.jpg,0,0
2014-03-15,none.jpg,0,0
2014-03-16,none.jpg,0,0
2014-03-17,none.jpg,0,0
2014-03-18,none.jpg,0,0
2014-03-19,none.jpg,0,0
2014-03-20,0936827eb03911e3a15f1231816043ea_8.jpg,97,7
2014-03-21,none.jpg,0,0
2014-03-22,none.jpg,0,0
2014-03-23,none.jpg,0,0
2014-03-24,none.jpg,0,0
2014-03-25,6fb3f904b43b11e3aa0612d02e208cea_8.jpg,70,6
2014-03-26,1388877_721445247876660_1248399249_n.jpg,94,11
2014-03-27,none.jpg,0,0
2014-03-28,none.jpg,0,0
2014-03-29,none.jpg,0,0
2014-03-30,none.jpg,0,0
2014-03-31,1538587_1493146834239110_925141576_n.jpg,76,8
2014-04-01,none.jpg,0,0
2014-04-02,10009355_717548501623554_1801953727_n.jpg,68,16
2014-04-03,none.jpg,0,0
2014-04-04,none.jpg,0,0
2014-04-05,none.jpg,0,0
2014-04-06,none.jpg,0,0
2014-04-07,none.jpg,0,0
2014-04-08,none.jpg,0,0
2014-04-09,928214_678948155477361_891522294_n.jpg,53,12
2014-04-10,10011521_262287380610076_586455214_n.jpg,272,34
2014-04-11,1516612_296111173880147_1591073302_n.jpg,109,24
2014-04-12,none.jpg,0,0
2014-04-13,1390004_1421273441464871_1335466298_n.jpg,89,0
2014-04-14,10175298_668314389872128_1459653148_n.jpg,95,12
2014-04-15,10254176_633911240010986_1477851212_n.jpg,166,24
2014-04-16,none.jpg,0,0
2014-04-17,916483_382282495248264_1740336394_n.jpg,286,21
2014-04-18,none.jpg,0,0
2014-04-19,10175109_771571366187844_679846547_n.jpg,218,38
2014-04-20,927645_247630762087948_1111762199_n.jpg,68,0
2014-04-21,10249210_306404236181669_163427868_n.jpg,76,4
2014-04-22,10254210_237178406474224_452298376_n.jpg,61,5
2014-04-23,916039_1455372151367144_1528990340_n.jpg,69,4
2014-04-24,917505_288946754606609_841021437_n.jpg,113,6
2014-04-25,none.jpg,0,0
2014-04-26,10245915_753039638051204_830850362_n.jpg,83,4
2014-04-27,10299800_284227698412006_1950569123_n.jpg,94,5
2014-04-28,10249251_650698158339989_284068253_n.jpg,70,11
2014-04-29,10311203_652910474780377_1987065168_n.jpg,187,2
2014-04-30,none.jpg,0,0
2014-05-01,926893_248307255373768_1719876398_n.jpg,121,11
2014-05-02,10254217_1397595703856808_333453681_n.jpg,127,12
2014-05-03,none.jpg,0,0
2014-05-04,1171105_638445522916140_1852483595_n.jpg,218,30
2014-05-05,10296600_622846184475843_70356357_n.jpg,146,2
2014-05-06,10311329_566159206830108_742174954_n.jpg,94,4
2014-05-07,10269007_560772797369503_174205698_n.jpg,138,12
2014-05-08,10261124_565242030262538_2081767881_n.jpg,59,10
2014-05-09,none.jpg,0,0
2014-05-10,none.jpg,0,0
2014-05-11,924986_242569649267941_831716511_n.jpg,95,5
2014-05-12,none.jpg,0,0
2014-05-13,10362299_506302156140258_1834284722_n.jpg,152,0
2014-05-14,10362144_584840368289918_663700103_n.jpg,76,15
2014-05-15,none.jpg,0,0
2014-05-16,10387926_312198362267134_1571026102_n.jpg,172,3
2014-05-17,none.jpg,0,0
2014-05-18,10296768_676740412380744_1522556373_n.jpg,120,26
2014-05-19,927675_672352876166991_1457438551_n.jpg,96,0
2014-05-20,none.jpg,0,0
2014-05-21,none.jpg,0,0
2014-05-22,none.jpg,0,0
2014-05-23,none.jpg,0,0
2014-05-24,none.jpg,0,0
2014-05-25,none.jpg,0,0
2014-05-26,none.jpg,0,0
2014-05-27,none.jpg,0,0
2014-05-28,none.jpg,0,0
2014-05-29,10349664_649363158486807_1795010489_n.jpg,161,30
2014-05-30,929106_896134157079000_789615907_n.jpg,98,9
2014-05-31,none.jpg,0,0
2014-06-01,none.jpg,0,0
2014-06-02,none.jpg,0,0
2014-06-03,none.jpg,0,0
2014-06-04,10424618_716748695030836_540307388_n.jpg,55,7
2014-06-05,none.jpg,0,0
2014-06-06,none.jpg,0,0
2014-06-07,none.jpg,0,0
2014-06-08,925265_283867238452901_324347862_n.jpg,86,7
2014-06-09,10448840_301633686663651_1796775042_n.jpg,40,9
2014-06-10,none.jpg,0,0
2014-06-11,10471989_660252444053331_499121928_n.jpg,55,11
2014-06-12,none.jpg,0,0
2014-06-13,none.jpg,0,0
2014-06-14,none.jpg,0,0
2014-06-15,10483493_797221376984486_1726576218_n.jpg,208,10
2014-06-16,10326454_653342281410237_168216792_n.jpg,116,2
2014-06-17,914370_325250380963178_73222033_n.jpg,224,10
2014-06-18,none.jpg,0,0
2014-06-19,none.jpg,0,0
2014-06-20,10432071_300775883432112_1863463564_n.jpg,72,6
2014-06-21,none.jpg,0,0
2014-06-22,60e6560cfa2111e3a0faf45214cba800_8.jpg,121,0
2014-06-23,927090_323341884485646_244617667_n.jpg,107,17
2014-06-24,10432074_320845458077779_169800548_n.jpg,91,6
2014-06-25,none.jpg,0,0
2014-06-26,10431849_309898049169629_2059363471_n.jpg,179,19
2014-06-27,10483421_1426925107587089_1680223336_n.jpg,60,0
2014-06-28,none.jpg,0,0
2014-06-29,10520180_261514067369898_1676424617_n.jpg,61,4
2014-06-30,10518214_266065686914898_1822180651_n.jpg,184,27
2014-07-01,none.jpg,0,0
2014-07-02,10499313_253166294890853_815978573_n.jpg,176,12
2014-07-03,10499092_1444237479186876_2033728052_n.jpg,78,2
2014-07-04,10454082_334174660070522_140035969_n.jpg,81,4
2014-07-05,none.jpg,0,0
2014-07-06,10534971_1579072972319376_1960034614_n.jpg,70,3
2014-07-07,10540240_1452044898378804_1549964340_n.jpg,113,6
2014-07-08,10508022_722470847817559_245786595_n.jpg,78,4
2014-07-09,10518032_317287558446744_172781012_n.jpg,75,0
2014-07-10,10413820_314891535346297_1121670724_n.jpg,48,10
2014-07-11,10547073_1469649299945333_844498503_n.jpg,115,7
2014-07-12,10467751_665303643562230_1324361419_n.jpg,67,2
2014-07-13,10513988_303173013187762_528742233_n.jpg,143,11
2014-07-14,10518205_1502662859951694_810824852_n.jpg,69,7
2014-07-15,10544050_721975777864297_1814713841_n.jpg,118,16
2014-07-16,10499049_343125875838010_2003635559_n.jpg,120,17
2014-07-17,none.jpg,0,0
2014-07-18,10561073_266676503520226_205163458_n.jpg,63,5
2014-07-19,none.jpg,0,0
2014-07-20,none.jpg,0,0
2014-07-21,none.jpg,0,0
2014-07-22,10475076_1449137572020106_972224629_n.jpg,187,15
2014-07-23,10549922_826205850731993_1945856822_n.jpg,102,11
2014-07-24,10507943_789734981046803_100936386_n.jpg,97,18
2014-07-25,10561211_146645958839457_611987586_n.jpg,82,13
2014-07-26,10413065_1456726954589973_1396550411_n.jpg,191,19
2014-07-27,10584622_753870774656868_284419253_n.jpg,193,6
2014-07-28,10584771_741010652621652_2140783883_n.jpg,48,0
2014-07-29,10584646_829503983748879_1297221696_n.jpg,66,3
2014-07-30,none.jpg,0,0
2014-07-31,10560938_845549465455750_1784419201_n.jpg,292,5
2014-08-01,none.jpg,0,0
2014-08-02,10593285_844090718935301_1606995086_n.jpg,218,13
2014-08-03,10549907_259825914225770_1975867961_n.jpg,148,4
2014-08-04,10561104_1448932328714568_606810767_n.jpg,76,3
2014-08-05,10554208_1464381377163586_381562389_n.jpg,91,13
2014-08-06,10483558_1439560026332405_1711413037_n.jpg,127,8
2014-08-07,none.jpg,0,0
2014-08-08,10598454_1537553583134510_514730448_n.jpg,56,2
2014-08-09,none.jpg,0,0
2014-08-10,10611278_561563910615896_392283406_n.jpg,132,27
2014-08-11,10611251_523988301064482_242606964_n.jpg,62,7
2014-08-12,10598496_1483678208545046_1203868317_n.jpg,74,9
2014-08-13,1599599_1555646097989087_1398809713_n.jpg,158,7
2014-08-14,none.jpg,0,0
2014-08-15,10522205_1469594856639599_17118676_n.jpg,109,7
2014-08-16,10608094_1465356140403805_2106766185_n.jpg,95,5
2014-08-17,none.jpg,0,0
2014-08-18,10544264_273737919485759_209053984_n.jpg,117,7
2014-08-19,10601702_287380158114739_1369191340_n.jpg,77,7
2014-08-20,none.jpg,0,0
2014-08-21,10617114_1445325235756271_683739125_n.jpg,115,13
2014-08-22,none.jpg,0,0
2014-08-23,10518083_755287881177102_1104179201_n.jpg,168,13
2014-08-24,none.jpg,0,0
2014-08-25,none.jpg,0,0
2014-08-26,none.jpg,0,0
2014-08-27,1737464_320512361456352_948347792_n.jpg,58,3
2014-08-28,none.jpg,0,0
2014-08-29,none.jpg,0,0
2014-08-30,none.jpg,0,0
2014-08-31,none.jpg,0,0
2014-09-01,none.jpg,0,0
2014-09-02,10624151_444936928981032_1060655991_n.jpg,96,0
2014-09-03,none.jpg,0,0
2014-09-04,10311121_1464246133850946_422882032_n.jpg,91,1
2014-09-05,none.jpg,0,0
2014-09-06,10665322_439189409552629_90115531_n.jpg,184,21
2014-09-07,none.jpg,0,0
2014-09-08,924585_489064181230411_736166542_n.jpg,140,3
2014-09-09,10665528_1496211380626407_2087825212_n.jpg,78,0
2014-09-10,none.jpg,0,0
2014-09-11,none.jpg,0,0
2014-09-12,10643935_1489297628002984_516765559_n.jpg,65,2
2014-09-13,10684371_763381977062564_265200091_n.jpg,69,2
2014-09-14,none.jpg,0,0
2014-09-15,10654864_550148241753405_285402046_n.jpg,184,12
2014-09-16,10684322_1468324880106809_1131155238_n.jpg,69,8
2014-09-17,none.jpg,0,0
2014-09-18,10691870_1488718901392291_588279148_n.jpg,208,10
2014-09-19,none.jpg,0,0
2014-09-20,none.jpg,0,0
2014-09-21,10643884_550126441787033_853921742_n.jpg,134,10
2014-09-22,none.jpg,0,0
2014-09-23,none.jpg,0,0
2014-09-24,none.jpg,0,0
2014-09-25,10693695_380665825418191_945711263_n.jpg,76,13
2014-09-26,10632183_704498729646297_20830595_n.jpg,70,1
2014-09-27,10706988_349171408585412_555155630_n.jpg,77,0
2014-09-28,10693379_1507014399545226_358533786_n.jpg,40,4
2014-09-29,none.jpg,0,0
2014-09-30,none.jpg,0,0
2014-10-01,none.jpg,0,0
2014-10-02,none.jpg,0,0
2014-10-03,none.jpg,0,0
2014-10-04,none.jpg,0,0
2014-10-05,10724613_294284397428655_1697594021_n.jpg,110,4
2014-10-06,10693805_515113835291879_532955802_n.jpg,135,6
2014-10-07,none.jpg,0,0
2014-10-08,10683927_1467278076886300_1449947495_n.jpg,56,0
2014-10-09,10706984_582558981871938_1518093996_n.jpg,73,4
2014-10-10,none.jpg,0,0
2014-10-11,10727670_1491461511120478_689542444_n.jpg,202,6
2014-10-12,none.jpg,0,0
2014-10-13,10693303_345678335599962_1201678957_n.jpg,71,0
2014-10-14,none.jpg,0,0
2014-10-15,none.jpg,0,0
2014-10-16,none.jpg,0,0
2014-10-17,none.jpg,0,0
2014-10-18,none.jpg,0,0
2014-10-19,10724609_289553961235228_2110916856_n.jpg,52,3
2014-10-20,10724129_561202834026609_929477319_n.jpg,272,15
2014-10-21,none.jpg,0,0
2014-10-22,10693662_812340298818043_703670180_n.jpg,216,4
2014-10-23,none.jpg,0,0
2014-10-24,none.jpg,0,0
2014-10-25,none.jpg,0,0
2014-10-26,none.jpg,0,0
2014-10-27,10735086_1552529064959236_1398120739_n.jpg,86,0
2014-10-28,none.jpg,0,0
2014-10-29,10747878_740505679330900_809300853_n.jpg,69,3
2014-10-30,10735392_857305944304297_111878988_n.jpg,88,0
2014-10-31,none.jpg,0,0
2014-11-01,none.jpg,0,0
2014-11-02,10693522_392460707573234_587778493_n.jpg,205,13
2014-11-03,10729364_559520297527892_1294322172_n.jpg,71,12
2014-11-04,10731803_1382950148662946_1560238830_n.jpg,66,0
2014-11-05,10802506_301734366699895_1864172298_n.jpg,66,2
2014-11-06,10785051_1530809477163147_496784524_n.jpg,51,4
2014-11-07,10784976_889386211094853_1281277116_n.jpg,60,3
2014-11-08,none.jpg,0,0
2014-11-09,10268741_831996670176120_1194519285_n.jpg,103,2
2014-11-10,none.jpg,0,0
2014-11-11,none.jpg,0,0
2014-11-12,none.jpg,0,0
2014-11-13,10802693_835256489839985_1003903092_n.jpg,48,0
2014-11-14,10748442_785944494776721_623118323_n.jpg,194,17
2014-11-15,10802786_809593932430522_1688195196_n.jpg,136,5
2014-11-16,10810096_1503866779891707_1329187131_n.jpg,178,4
